{"cameraMode":{"drawMode":0,"name":"Shaded","section":"Shading Mode"},"sceneLighting":true,"audioPlay":false,"sceneViewState":{"showFog":false,"showMaterialUpdate":false,"showSkybox":false,"showFlares":false,"showImageEffects":false,"showParticleSystems":false},"in2DMode":false,"pivot":{"x":2.355553150177002,"y":2.912949323654175,"z":-10.215314865112305},"rotation":{"x":-0.09148647636175156,"y":0.06477715820074082,"z":-0.005963630508631468,"w":-0.993679404258728},"size":4.111788272857666,"orthographic":false}